Workbook

Sheet Realizadas
B1: ✅ | C1: ❌ | D1: 🔵 | E1: UDS. | F1: Beneficio | G1: Yield Global | H1: Bank Actual | I1: Bank Inicial | J1: Apostado
A2: =B2/(B2+C2) | B2: =COUNTIF(E7:E2001,"w") | C2: =COUNTIF(E7:E2001,"l") | D2: =COUNTIF(E7:E2001,"V") | E2: =SUM($F$7:$F$2001) | F2: =SUM(H7:H2001) | G2: =F2/J2 | H2: =I2+F2 | I2: 10000 | J2: =SUM($G$7:$G$2001)
A3: PLANTILLA EII | F3: Rellenar con los picks que lanza el tipster
A6: LIVE-PRE | B6: TIPSTER | C6: STAKE | D6: CUOTA | E6: W/L/V | F6: Resultado unidades | G6: CANTIDAD | H6: Resultado euros | I6: FECHA PICK | J6: HORA PICK | K6: FECHA PARTIDO | L6: HORA PARTIDO | M6: APUESTA | P6: Comentarios | Q6: COMBINADA | R6: DEPORTE | S6: Plataforma envio pick | T6: BOOKIE
F7: =IF(E7="L",-C7,IF(E7="W",C7*(D7-1),IF(E7="HW",(C7/2)*(D7-1),IF(E7="HL",-C7/2,0)))) | G7: =IFERROR(($I$2/VLOOKUP(B7,Tipster_Picks_Dashboard!$A$3:$W$76,2,FALSE))*C7,"") | H7: =IF(E7="w",G7*D7-G7,IF(E7="L",-G7,0))
F8: =IF(E8="L",-C8,IF(E8="W",C8*(D8-1),IF(E8="HW",(C8/2)*(D8-1),IF(E8="HL",-C8/2,0)))) | G8: =IFERROR(($I$2/VLOOKUP(B8,Tipster_Picks_Dashboard!$A$3:$W$76,2,FALSE))*C8,"") | H8: =IF(E8="w",G8*D8-G8,IF(E8="L",-G8,0))
F9: =IF(E9="L",-C9,IF(E9="W",C9*(D9-1),IF(E9="HW",(C9/2)*(D9-1),IF(E9="HL",-C9/2,0)))) | G9: =IFERROR(($I$2/VLOOKUP(B9,Tipster_Picks_Dashboard!$A$3:$W$76,2,FALSE))*C9,"") | H9: =IF(E9="w",G9*D9-G9,IF(E9="L",-G9,0))
F10: =IF(E10="L",-C10,IF(E10="W",C10*(D10-1),IF(E10="HW",(C10/2)*(D10-1),IF(E10="HL",-C10/2,0)))) | G10: =IFERROR(($I$2/VLOOKUP(B10,Tipster_Picks_Dashboard!$A$3:$W$76,2,FALSE))*C10,"") | H10: =IF(E10="w",G10*D10-G10,IF(E10="L",-G10,0))

Sheet Lanzadas Tipster
B1: ✅ | C1: ❌ | D1: 🔵 | E1: UDS. | F1: Beneficio | G1: Yield Global | H1: Bank Actual | I1: Bank Inicial | J1: Apostado
A2: =B2/(B2+C2) | B2: =COUNTIF(E7:E1853,"w") | C2: =COUNTIF(E7:E1853,"l") | D2: =COUNTIF(E7:E1853,"V") | E2: =SUM($F$7:$F$1853) | F2: =SUM(H7:H1853) | G2: =F2/J2 | H2: =I2+F2 | I2: 10000 | J2: =SUM($G$7:$G$1853)
A3: PLANTILLA EII | F3: Rellenar con los picks que lanza el tipster
A6: LIVE-PRE | B6: TIPSTER | C6: STAKE | D6: CUOTA | E6: W/L/V | F6: Resultado unidades | G6: CANTIDAD | H6: Resultado euros | I6: FECHA PICK | J6: HORA PICK | K6: FECHA PARTIDO | L6: HORA PARTIDO | M6: APUESTA | P6: COMBINADA | Q6: DEPORTE | R6: Plataforma envio pick | S6: BOOKIE recomendado
F7: =IF(E7="L",-C7,IF(E7="W",C7*(D7-1),IF(E7="HW",(C7/2)*(D7-1),IF(E7="HL",-C7/2,0)))) | G7: =IFERROR(($I$2/VLOOKUP(B7,Tipster_Picks_Dashboard!$A$3:$W$76,2,FALSE))*C7,"") | H7: =IF(E7="w",G7*D7-G7,IF(E7="L",-G7,0))
F8: =IF(E8="L",-C8,IF(E8="W",C8*(D8-1),IF(E8="HW",(C8/2)*(D8-1),IF(E8="HL",-C8/2,0)))) | G8: =IFERROR(($I$2/VLOOKUP(B8,Tipster_Picks_Dashboard!$A$3:$W$76,2,FALSE))*C8,"") | H8: =IF(E8="w",G8*D8-G8,IF(E8="L",-G8,0))
F9: =IF(E9="L",-C9,IF(E9="W",C9*(D9-1),IF(E9="HW",(C9/2)*(D9-1),IF(E9="HL",-C9/2,0)))) | G9: =IFERROR(($I$2/VLOOKUP(B9,Tipster_Picks_Dashboard!$A$3:$W$76,2,FALSE))*C9,"") | H9: =IF(E9="w",G9*D9-G9,IF(E9="L",-G9,0))
F10: =IF(E10="L",-C10,IF(E10="W",C10*(D10-1),IF(E10="HW",(C10/2)*(D10-1),IF(E10="HL",-C10/2,0)))) | G10: =IFERROR(($I$2/VLOOKUP(B10,Tipster_Picks_Dashboard!$A$3:$W$76,2,FALSE))*C10,"") | H10: =IF(E10="w",G10*D10-G10,IF(E10="L",-G10,0))

Sheet Mis_Picks_Dashboard
A1: NECESARIO RELLENAR TIPSTER | N1: % Aciertos Segun deporte
A2: TIPSTER | B2: Juega a | C2: Unidades | D2: Benficio UDS | E2: Beneficio | F2: Apostado | G2: YIELD | H2: Tips totales | I2: Tips W | J2: Tips L | K2: Tips V | L2: % Tips Aciertados | M2: % Aciertos Live | N2: % Aciertos PRE | O2: TENIS | P2: BALONCESTO | Q2: TENIS MESA | R2: FUTBOL | S2: UFC | T2: NFL | U2: CABALLOS
A3: Manolo | B3: 100 | C3: 0 | D3: 0 | E3: 0 | G3: 0 | H3: 0 | I3: 0 | J3: 0 | L3: 0 | M3: 0 | N3: 0 | O3: 0 | P3: 0 | Q3: 0 | R3: 0 | S3: 0 | T3: 0 | U3: 0

Sheet Tipster_Picks_Dashboard
A1: NECESARIO RELLENAR TIPSTER | N1: % Aciertos Segun deporte
A2: TIPSTER | B2: Juega a | C2: Unidades | D2: Benficio UDS | E2: Beneficio | F2: Apostado | G2: YIELD | H2: Tips totales | I2: Tips W | J2: Tips L | K2: Tips V | L2: % Tips Aciertados | M2: % Aciertos Live | N2: % Aciertos PRE | O2: TENIS | P2: BALONCESTO | Q2: TENIS MESA | R2: FUTBOL | S2: UFC | T2: NFL | U2: CABALLOS
A3: Manolo | B3: 100 | C3: 0 | D3: 0 | E3: 0 | G3: 0 | H3: 0 | I3: 0 | J3: 0 | L3: 0 | M3: 0 | N3: 0 | O3: 0 | P3: 0 | Q3: 0 | R3: 0 | S3: 0 | T3: 0 | U3: 0

Sheet Base datos
A1: BOOKIES | C1: Plataformas de Pick/Tipsters | E1: DEPORTE | G1: LIVE-PRE | I1: COMBINADA
A2: 888 | C2: Blogabet | E2: Badminton | G2: PRE | I2: Si
A3: 1xBet | C3: Telegram | E3: Baloncesto | G3: LIVE | I3: No
A4: Bet365 | C4: TipsterLand | E4: Balonmano | I4: Sí
A5: Betfail | E5: Beisbol
A6: Betfair | E6: Boxeo
A7: Betsson | E7: Ciclismo
A8: Bwin | E8: Esports
A9: Codere | E9: Fútbol
A10: Luckia | E10: Fútbol Americano
A11: Marathonbet | E11: Golf
A12: Sportium | E12: Hockey
A13: Winamax | E13: MMA
A14: William Hill | E14: Tenis
E15: Tenis Mesa
E16: Voleibol
