Workbook

Sheet Realizadas
B1: ✅ | C1: ❌ | D1: 🔵 | E1: UDS. | F1: Beneficio | G1: Yield Global | H1: Bank Actual | I1: Bank Inicial | J1: Apostado
A2: =B2/(B2+C2) | B2: =COUNTIF(E7:E2001,"w") | C2: =COUNTIF(E7:E2001,"l") | D2: =COUNTIF(E7:E2001,"V") | E2: =SUM($F$7:$F$2001) | F2: =SUM(H7:H2001) | G2: =F2/J2 | H2: =I2+F2 | I2: 10000 | J2: =SUM($G$7:$G$2001)
A3: PLANTILLA EII | F3: Rellenar con los picks que lanza el tipster
A6: LIVE-PRE | B6: TIPSTER | C6: STAKE | D6: CUOTA | E6: W/L/V | F6: Resultado unidades | G6: CANTIDAD | H6: Resultado euros | I6: FECHA PICK | J6: HORA PICK | K6: FECHA PARTIDO | L6: HORA PARTIDO | M6: APUESTA | P6: Comentarios | Q6: COMBINADA | R6: DEPORTE | S6: Plataforma envio pick | T6: BOOKIE
A7: Pre | B7: Manolo | C7: 3 | D7: 3 | F7: =IF(E7="L",-C7,IF(E7="W",C7*(D7-1),IF(E7="HW",(C7/2)*(D7-1),IF(E7="HL",-C7/2,0)))) | G7: =IFERROR(($I$2/VLOOKUP(B7,Mis_Picks_Dashboard!$A$3:$W$76,2,FALSE))*C7,"") | H7: =IF(E7="w",G7*D7-G7,IF(E7="L",-G7,0)) | I7: 2025-11-18 | J7: 10:09 | K7: 2025-11-17 | L7: 20:07 | M7: dsdas | Q7: NO | R7: Baloncesto | S7: App | T7: LeoVegas
A8: Pre | B8: Manolo | C8: 3 | D8: 1.5 | E8: W | F8: =IF(E8="L",-C8,IF(E8="W",C8*(D8-1),IF(E8="HW",(C8/2)*(D8-1),IF(E8="HL",-C8/2,0)))) | G8: =IFERROR(($I$2/VLOOKUP(B8,Mis_Picks_Dashboard!$A$3:$W$76,2,FALSE))*C8,"") | H8: =IF(E8="w",G8*D8-G8,IF(E8="L",-G8,0)) | I8: 2025-11-13 | J8: 16:22 | K8: 2025-11-13 | L8: 16:18 | M8: fsdfdffsdf | Q8: NO | R8: Fútbol | S8: App | T8: Winamax
A9: Live | B9: Manolo | C9: 1 | D9: 1.5 | E9: W | F9: =IF(E9="L",-C9,IF(E9="W",C9*(D9-1),IF(E9="HW",(C9/2)*(D9-1),IF(E9="HL",-C9/2,0)))) | G9: =IFERROR(($I$2/VLOOKUP(B9,Mis_Picks_Dashboard!$A$3:$W$76,2,FALSE))*C9,"") | H9: =IF(E9="w",G9*D9-G9,IF(E9="L",-G9,0)) | I9: 2025-11-07 | J9: 14:31 | K9: 2025-11-17 | L9: 19:58 | M9: Marsa | Q9: NO | R9: Fútbol | S9: App | T9: Bet365
F10: =IF(E10="L",-C10,IF(E10="W",C10*(D10-1),IF(E10="HW",(C10/2)*(D10-1),IF(E10="HL",-C10/2,0)))) | G10: =IFERROR(($I$2/VLOOKUP(B10,Mis_Picks_Dashboard!$A$3:$W$76,2,FALSE))*C10,"") | H10: =IF(E10="w",G10*D10-G10,IF(E10="L",-G10,0))

Sheet Lanzadas Tipster
B1: ✅ | C1: ❌ | D1: 🔵 | E1: UDS. | F1: Beneficio | G1: Yield Global | H1: Bank Actual | I1: Bank Inicial | J1: Apostado
A2: =B2/(B2+C2) | B2: =COUNTIF(E7:E1853,"w") | C2: =COUNTIF(E7:E1853,"l") | D2: =COUNTIF(E7:E1853,"V") | E2: =SUM($F$7:$F$1853) | F2: =SUM(H7:H1853) | G2: =F2/J2 | H2: =I2+F2 | I2: 10000 | J2: =SUM($G$7:$G$1853)
A3: PLANTILLA EII | F3: Rellenar con los picks que lanza el tipster
A6: LIVE-PRE | B6: TIPSTER | C6: STAKE | D6: CUOTA | E6: W/L/V | F6: Resultado unidades | G6: CANTIDAD | H6: Resultado euros | I6: FECHA PICK | J6: HORA PICK | K6: FECHA PARTIDO | L6: HORA PARTIDO | M6: APUESTA | P6: COMBINADA | Q6: DEPORTE | R6: Plataforma envio pick | S6: BOOKIE recomendado
A7: Pre | B7: Manolo | C7: 2 | D7: 2 | E7: W | F7: =IF(E7="L",-C7,IF(E7="W",C7*(D7-1),IF(E7="HW",(C7/2)*(D7-1),IF(E7="HL",-C7/2,0)))) | G7: =IFERROR(($I$2/VLOOKUP(B7,Tipster_Picks_Dashboard!$A$3:$W$76,2,FALSE))*C7,"") | H7: =IF(E7="w",G7*D7-G7,IF(E7="L",-G7,0)) | I7: 2025-11-18 | J7: 19:14 | K7: 2025-11-18 | L7: 19:14 | M7: eweew | P7: NO | Q7: Hockey | R7: App | S7: Betway
A8: Combinado | B8: Manolo | C8: 10 | D8: 2 | E8: L | F8: =IF(E8="L",-C8,IF(E8="W",C8*(D8-1),IF(E8="HW",(C8/2)*(D8-1),IF(E8="HL",-C8/2,0)))) | G8: =IFERROR(($I$2/VLOOKUP(B8,Tipster_Picks_Dashboard!$A$3:$W$76,2,FALSE))*C8,"") | H8: =IF(E8="w",G8*D8-G8,IF(E8="L",-G8,0)) | I8: 2025-11-17 | J8: 20:18 | K8: 2025-11-17 | L8: 20:18 | M8: fdfsdfdf | P8: SÍ | Q8: Baloncesto | R8: App | S8: Pastón
A9: Pre | B9: Manolo | C9: 2 | D9: 3 | F9: =IF(E9="L",-C9,IF(E9="W",C9*(D9-1),IF(E9="HW",(C9/2)*(D9-1),IF(E9="HL",-C9/2,0)))) | G9: =IFERROR(($I$2/VLOOKUP(B9,Tipster_Picks_Dashboard!$A$3:$W$76,2,FALSE))*C9,"") | H9: =IF(E9="w",G9*D9-G9,IF(E9="L",-G9,0)) | I9: 2025-11-17 | J9: 20:07 | K9: 2025-11-17 | L9: 20:07 | M9: dsdas | P9: NO | Q9: Baloncesto | R9: App | S9: LeoVegas
A10: Live | B10: Manolo | C10: 2 | D10: 2 | E10: W | F10: =IF(E10="L",-C10,IF(E10="W",C10*(D10-1),IF(E10="HW",(C10/2)*(D10-1),IF(E10="HL",-C10/2,0)))) | G10: =IFERROR(($I$2/VLOOKUP(B10,Tipster_Picks_Dashboard!$A$3:$W$76,2,FALSE))*C10,"") | H10: =IF(E10="w",G10*D10-G10,IF(E10="L",-G10,0)) | I10: 2025-11-17 | J10: 19:58 | K10: 2025-11-17 | L10: 19:58 | M10: dsds | P10: NO | Q10: Fútbol | R10: App | S10: Olybet
A11: Combinado | B11: Manolo | C11: 2 | D11: 2 | E11: L | F11: =IF(E11="L",-C11,IF(E11="W",C11*(D11-1),IF(E11="HW",(C11/2)*(D11-1),IF(E11="HL",-C11/2,0)))) | G11: =IFERROR(($I$2/VLOOKUP(B11,Tipster_Picks_Dashboard!$A$3:$W$76,2,FALSE))*C11,"") | H11: =IF(E11="w",G11*D11-G11,IF(E11="L",-G11,0)) | I11: 2025-11-17 | J11: 19:34 | K11: 2025-11-17 | L11: 19:34 | M11: ASASa | P11: SÍ | Q11: Baloncesto | R11: App | S11: 1xBet
A12: Pre | B12: Manolo | C12: 5 | D12: 5 | E12: L | F12: =IF(E12="L",-C12,IF(E12="W",C12*(D12-1),IF(E12="HW",(C12/2)*(D12-1),IF(E12="HL",-C12/2,0)))) | G12: =IFERROR(($I$2/VLOOKUP(B12,Tipster_Picks_Dashboard!$A$3:$W$76,2,FALSE))*C12,"") | H12: =IF(E12="w",G12*D12-G12,IF(E12="L",-G12,0)) | I12: 2025-11-17 | J12: 19:02 | K12: 2025-11-17 | L12: 19:02 | M12: dsads | P12: NO | Q12: Fútbol Americano | R12: App | S12: Bet365
A13: Pre | B13: Manolo | C13: 2 | D13: 2 | F13: =IF(E13="L",-C13,IF(E13="W",C13*(D13-1),IF(E13="HW",(C13/2)*(D13-1),IF(E13="HL",-C13/2,0)))) | G13: =IFERROR(($I$2/VLOOKUP(B13,Tipster_Picks_Dashboard!$A$3:$W$76,2,FALSE))*C13,"") | H13: =IF(E13="w",G13*D13-G13,IF(E13="L",-G13,0)) | I13: 2025-11-17 | J13: 00:31 | K13: 2025-11-17 | L13: 00:31 | M13: 2 | P13: NO | Q13: Fútbol | R13: App | S13: TonyBet
A14: Pre | B14: Manolo | C14: 2 | D14: 5 | E14: W | F14: =IF(E14="L",-C14,IF(E14="W",C14*(D14-1),IF(E14="HW",(C14/2)*(D14-1),IF(E14="HL",-C14/2,0)))) | G14: =IFERROR(($I$2/VLOOKUP(B14,Tipster_Picks_Dashboard!$A$3:$W$76,2,FALSE))*C14,"") | H14: =IF(E14="w",G14*D14-G14,IF(E14="L",-G14,0)) | I14: 2025-11-17 | J14: 00:22 | K14: 2025-11-17 | L14: 00:22 | M14: reweerw | P14: NO | Q14: Hockey | R14: App | S14: Betsson
A15: Pre | B15: Manolo | C15: 3 | D15: 2 | E15: W | F15: =IF(E15="L",-C15,IF(E15="W",C15*(D15-1),IF(E15="HW",(C15/2)*(D15-1),IF(E15="HL",-C15/2,0)))) | G15: =IFERROR(($I$2/VLOOKUP(B15,Tipster_Picks_Dashboard!$A$3:$W$76,2,FALSE))*C15,"") | H15: =IF(E15="w",G15*D15-G15,IF(E15="L",-G15,0)) | I15: 2025-11-13 | J15: 16:18 | K15: 2025-11-13 | L15: 16:18 | M15: fsdfdffsdf | P15: NO | Q15: Fútbol | R15: App | S15: 1xBet

Sheet Mis_Picks_Dashboard
A1: NECESARIO RELLENAR TIPSTER | N1: % Aciertos Segun deporte
A2: TIPSTER | B2: Juega a Unidades | C2: Benficio UDS | D2: Beneficio | E2: Apostado | F2: YIELD | G2: Tips totales | H2: Tips W | I2: Tips L | J2: Tips V | K2: % Tips Aciertados | L2: % Aciertos Live | M2: % Aciertos PRE | N2: TENIS | O2: BALONCESTO | P2: TENIS MESA | Q2: FUTBOL | R2: UFC | S2: NFL | T2: CABALLOS
A3: Manolo | B3: 100 | C3: =SUMIF(Realizadas!$B$7:$B$2003,A3,Realizadas!$F$7:$F$2003) | D3: =SUMIF(Realizadas!$B$7:$B$2003,A3,Realizadas!$H$7:$H$2003) | E3: =SUMIF(Realizadas!$B$7:$B$2003,A3,Realizadas!$G$7:$G$2003) | F3: =IFERROR(D3/E3,"") | G3: =COUNTIFS(Realizadas!$B$7:$B$2003,A3,Realizadas!$E$7:$E$2003,"<>") | H3: =COUNTIFS(Realizadas!$B$7:$B$2003,A3,Realizadas!$E$7:$E$2003,"W") | I3: =COUNTIFS(Realizadas!$B$7:$B$2003,A3,Realizadas!$E$7:$E$2003,"L") | J3: =COUNTIFS(Realizadas!$B$7:$B$2003,A3,Realizadas!$E$7:$E$2003,"V") | K3: =IFERROR(H3/G3,"") | L3: =IFERROR((COUNTIFS(Realizadas!$B$7:$B$2006,A3,Realizadas!$A$7:$A$2006,"LIVE",Realizadas!$E$7:$E$2006,"W"))/H3,0) | M3: =IFERROR((COUNTIFS(Realizadas!B7:B2006,A3,Realizadas!A7:A2006,"PRE",Realizadas!$E$7:$E$2006,"W"))/H3,0) | N3: =IFERROR(((COUNTIFS(Realizadas!$B$7:$B$2003,$A3,Realizadas!$E$7:$E$2003,"W",Realizadas!$R$7:$R$2003,N$2))/$H3),0) | O3: =IFERROR(((COUNTIFS(Realizadas!$B$7:$B$2003,$A3,Realizadas!$E$7:$E$2003,"W",Realizadas!$R$7:$R$2003,O$2))/$H3),0) | P3: =IFERROR(((COUNTIFS(Realizadas!$B$7:$B$2003,$A3,Realizadas!$E$7:$E$2003,"W",Realizadas!$R$7:$R$2003,P$2))/$H3),0) | Q3: =IFERROR(((COUNTIFS(Realizadas!$B$7:$B$2003,$A3,Realizadas!$E$7:$E$2003,"W",Realizadas!$R$7:$R$2003,Q$2))/$H3),0) | R3: =IFERROR(((COUNTIFS(Realizadas!$B$7:$B$2003,$A3,Realizadas!$E$7:$E$2003,"W",Realizadas!$R$7:$R$2003,R$2))/$H3),0) | S3: =IFERROR(((COUNTIFS(Realizadas!$B$7:$B$2003,$A3,Realizadas!$E$7:$E$2003,"W",Realizadas!$R$7:$R$2003,S$2))/$H3),0) | T3: =IFERROR(((COUNTIFS(Realizadas!$B$7:$B$2003,$A3,Realizadas!$E$7:$E$2003,"W",Realizadas!$R$7:$R$2003,T$2))/$H3),0)

Sheet Tipster_Picks_Dashboard
A1: NECESARIO RELLENAR TIPSTER | N1: % Aciertos Segun deporte
A2: TIPSTER | B2: Juega a Unidades | C2: Benficio UDS | D2: Beneficio | E2: Apostado | F2: YIELD | G2: Tips totales | H2: Tips W | I2: Tips L | J2: Tips V | K2: % Tips Aciertados | L2: % Aciertos Live | M2: % Aciertos PRE | N2: TENIS | O2: BALONCESTO | P2: TENIS MESA | Q2: FUTBOL | R2: UFC | S2: NFL | T2: CABALLOS
A3: Manolo | B3: 100 | C3: =SUMIF('Lanzadas Tipster'!$B$7:$B$1855,A3,'Lanzadas Tipster'!$F$7:$F$1855) | D3: =SUMIF('Lanzadas Tipster'!$B$7:$B$1855,A3,'Lanzadas Tipster'!$H$7:$H$1855) | E3: =SUMIF('Lanzadas Tipster'!$B$7:$B$1855,A3,'Lanzadas Tipster'!$G$7:$G$1855) | F3: =IFERROR(D3/E3,"") | G3: =COUNTIFS('Lanzadas Tipster'!$B$7:$B$1855,A3,'Lanzadas Tipster'!$E$7:$E$1855,"<>") | H3: =COUNTIFS('Lanzadas Tipster'!$B$7:$B$1855,A3,'Lanzadas Tipster'!$E$7:$E$1855,"W") | I3: =COUNTIFS('Lanzadas Tipster'!$B$7:$B$1855,A3,'Lanzadas Tipster'!$E$7:$E$1855,"L") | J3: =COUNTIFS('Lanzadas Tipster'!$B$7:$B$1855,A3,'Lanzadas Tipster'!$E$7:$E$1855,"V") | K3: =IFERROR(H3/G3,"") | L3: =IFERROR((COUNTIFS('Lanzadas Tipster'!$B$7:$B$1851,A3,'Lanzadas Tipster'!$A$7:$A$1851,"LIVE",'Lanzadas Tipster'!$E$7:$E$1851,"W"))/H3,0) | M3: =IFERROR((COUNTIFS('Lanzadas Tipster'!$B$7:$B$1851,A3,'Lanzadas Tipster'!$A$7:$A$1851,"PRE",'Lanzadas Tipster'!$E$7:$E$1851,"W"))/H3,0) | N3: =IFERROR(((COUNTIFS('Lanzadas Tipster'!$B$7:$B$1855,$A3,'Lanzadas Tipster'!$E$7:$E$1855,"W",'Lanzadas Tipster'!$Q$7:$Q$1855,N$2))/$H3),0) | O3: =IFERROR(((COUNTIFS('Lanzadas Tipster'!$B$7:$B$1855,$A3,'Lanzadas Tipster'!$E$7:$E$1855,"W",'Lanzadas Tipster'!$Q$7:$Q$1855,O$2))/$H3),0) | P3: =IFERROR(((COUNTIFS('Lanzadas Tipster'!$B$7:$B$1855,$A3,'Lanzadas Tipster'!$E$7:$E$1855,"W",'Lanzadas Tipster'!$Q$7:$Q$1855,P$2))/$H3),0) | Q3: =IFERROR(((COUNTIFS('Lanzadas Tipster'!$B$7:$B$1855,$A3,'Lanzadas Tipster'!$E$7:$E$1855,"W",'Lanzadas Tipster'!$Q$7:$Q$1855,Q$2))/$H3),0) | R3: =IFERROR(((COUNTIFS('Lanzadas Tipster'!$B$7:$B$1855,$A3,'Lanzadas Tipster'!$E$7:$E$1855,"W",'Lanzadas Tipster'!$Q$7:$Q$1855,R$2))/$H3),0) | S3: =IFERROR(((COUNTIFS('Lanzadas Tipster'!$B$7:$B$1855,$A3,'Lanzadas Tipster'!$E$7:$E$1855,"W",'Lanzadas Tipster'!$Q$7:$Q$1855,S$2))/$H3),0) | T3: =IFERROR(((COUNTIFS('Lanzadas Tipster'!$B$7:$B$1855,$A3,'Lanzadas Tipster'!$E$7:$E$1855,"W",'Lanzadas Tipster'!$Q$7:$Q$1855,T$2))/$H3),0)

Sheet Base datos
A1: BOOKIES | C1: Plataformas de Pick/Tipsters | E1: DEPORTE | G1: LIVE-PRE | I1: COMBINADA
A2: 888 | C2: Blogabet | E2: Badminton | G2: PRE | I2: Si
A3: 1xBet | C3: Telegram | E3: Baloncesto | G3: LIVE | I3: No
A4: Bet365 | C4: TipsterLand | E4: Balonmano | I4: Sí
A5: Betfail | E5: Beisbol
A6: Betfair | E6: Boxeo
A7: Betsson | E7: Ciclismo
A8: Bwin | E8: Esports
A9: Codere | E9: Fútbol
A10: Luckia | E10: Fútbol Americano
A11: Marathonbet | E11: Golf
A12: Sportium | E12: Hockey
A13: Winamax | E13: MMA
A14: William Hill | E14: Tenis
E15: Tenis Mesa
E16: Voleibol
