Workbook

Sheet Lanzadas Tipster
A3: PLANTILLA EII | F3: Rellenar con los picks que lanza el tipster
A6: LIVE/PRE | B6: TIPSTER | C6: Partido | D6: Tipo Apuesta | E6: Resultado | F6: Cuota | G6: Unidades | H6: Fecha | I6: Hora | J6: Bookie | K6: Liga | L6: Deporte | M6: Comentarios | N6: Seguida | O6: Fecha Seguida | P6: Resultado Usuario | Q6: Profit | R6: Profit Real | S6: Bank
A7: Pre | B7: Manolo | C7: prueba1 | D7: eweew | E7: Ganada | F7: =IF(E7="L",-C7,IF(E7="W",C7*(D7-1),IF(E7="HW",(C7/2)*(D7-1),IF(E7="HL",-C7/2,0)))) | G7: =IFERROR(($I$2/VLOOKUP(B7,Tipster_Picks_Dashboard!$A$3:$W$76,2,FALSE))*C7,"") | H7: =IF(E7="w",G7*D7-G7,IF(E7="L",-G7,0)) | I7: 19:14 | J7: Betway | L7: Hockey
A8: Combinado | B8: Manolo | C8: perdiddd | D8: fdfsdfdf | E8: Perdida | F8: =IF(E8="L",-C8,IF(E8="W",C8*(D8-1),IF(E8="HW",(C8/2)*(D8-1),IF(E8="HL",-C8/2,0)))) | G8: =IFERROR(($I$2/VLOOKUP(B8,Tipster_Picks_Dashboard!$A$3:$W$76,2,FALSE))*C8,"") | H8: =IF(E8="w",G8*D8-G8,IF(E8="L",-G8,0)) | I8: 20:18 | J8: Pastón | L8: Baloncesto
A9: Pre | B9: Manolo | C9: teste | D9: dsdas | E9: Pendiente | F9: =IF(E9="L",-C9,IF(E9="W",C9*(D9-1),IF(E9="HW",(C9/2)*(D9-1),IF(E9="HL",-C9/2,0)))) | G9: =IFERROR(($I$2/VLOOKUP(B9,Tipster_Picks_Dashboard!$A$3:$W$76,2,FALSE))*C9,"") | H9: =IF(E9="w",G9*D9-G9,IF(E9="L",-G9,0)) | I9: 20:07 | J9: LeoVegas | L9: Baloncesto
A10: Live | B10: Manolo | C10: madrid | D10: dsds | E10: Ganada | F10: =IF(E10="L",-C10,IF(E10="W",C10*(D10-1),IF(E10="HW",(C10/2)*(D10-1),IF(E10="HL",-C10/2,0)))) | G10: =IFERROR(($I$2/VLOOKUP(B10,Tipster_Picks_Dashboard!$A$3:$W$76,2,FALSE))*C10,"") | H10: =IF(E10="w",G10*D10-G10,IF(E10="L",-G10,0)) | I10: 19:58 | J10: Olybet | L10: Fútbol
A11: Combinado | B11: Manolo | C11: sasasASA | D11: ASASa | E11: Perdida | F11: 2 | G11: 2 | H11: 2025-11-17 | I11: 19:34 | J11: 1xBet | L11: Baloncesto
A12: Pre | B12: Manolo | C12: dsdsadas | D12: dsads | E12: Perdida | F12: 5 | G12: 5 | H12: 2025-11-17 | I12: 19:02 | J12: Bet365 | L12: Fútbol Americano
A13: Pre | B13: Manolo | C13: yesss | D13: 2 | E13: Pendiente | F13: 2 | G13: 2 | H13: 2025-11-17 | I13: 00:31 | J13: TonyBet | L13: Fútbol
A14: Pre | B14: Manolo | C14: rest | D14: reweerw | E14: Ganada | F14: 5 | G14: 2 | H14: 2025-11-17 | I14: 00:22 | J14: Betsson | L14: Hockey
A15: Pre | B15: Manolo | C15: Madrid-barsa | D15: fsdfdffsdf | E15: Ganada | F15: 2 | G15: 3 | H15: 2025-11-13 | I15: 16:18 | J15: 1xBet | L15: Fútbol

Sheet Realizadas
A3: PLANTILLA EII | F3: Rellenar con los picks que lanza el tipster
A6: LIVE/PRE | B6: TIPSTER | C6: Stake (UDS) | D6: Odds (Cuota) | E6: Resultado (W/L/V) | F6: Beneficio | G6: Unidades Apostadas | H6: Beneficio Real | I6: Bank Inicial | J6: Apostado | K6: Fecha | L6: Hora | M6: Partido | N6: Apuesta | O6: Bookie | P6: Liga | Q6: Deporte | R6: Comentarios | S6: Match/Diverge | T6: Profit Tipster
A7: Pre | B7: Manolo | C7: 3 | D7: 3 | E7: PENDIENTE | F7: =IF(E7="L",-C7,IF(E7="W",C7*(D7-1),IF(E7="HW",(C7/2)*(D7-1),IF(E7="HL",-C7/2,0)))) | G7: =IFERROR(($I$2/VLOOKUP(B7,Tipster_Picks_Dashboard!$A$3:$W$76,2,FALSE))*C7,"") | H7: =IF(E7="w",G7*D7-G7,IF(E7="L",-G7,0)) | K7: 2025-11-18 | L7: 10:09 | M7: teste | N7: dsdas | O7: LeoVegas | Q7: Baloncesto | S7: MATCH
A8: Pre | B8: Manolo | C8: 3 | D8: 1.5 | E8: GANADA | F8: =IF(E8="L",-C8,IF(E8="W",C8*(D8-1),IF(E8="HW",(C8/2)*(D8-1),IF(E8="HL",-C8/2,0)))) | G8: =IFERROR(($I$2/VLOOKUP(B8,Tipster_Picks_Dashboard!$A$3:$W$76,2,FALSE))*C8,"") | H8: =IF(E8="w",G8*D8-G8,IF(E8="L",-G8,0)) | K8: 2025-11-13 | L8: 16:22 | M8: Madrid-barsa | N8: fsdfdffsdf | O8: Winamax | Q8: Fútbol | S8: MATCH
A9: Live | B9: Manolo | C9: 1 | D9: 1.5 | E9: GANADA | F9: =IF(E9="L",-C9,IF(E9="W",C9*(D9-1),IF(E9="HW",(C9/2)*(D9-1),IF(E9="HL",-C9/2,0)))) | G9: =IFERROR(($I$2/VLOOKUP(B9,Tipster_Picks_Dashboard!$A$3:$W$76,2,FALSE))*C9,"") | H9: =IF(E9="w",G9*D9-G9,IF(E9="L",-G9,0)) | K9: 2025-11-07 | L9: 14:31 | M9: madrid | N9: Marsa | O9: Bet365 | Q9: Fútbol | S9: MATCH
F10: =IF(E10="L",-C10,IF(E10="W",C10*(D10-1),IF(E10="HW",(C10/2)*(D10-1),IF(E10="HL",-C10/2,0)))) | G10: =IFERROR(($I$2/VLOOKUP(B10,Tipster_Picks_Dashboard!$A$3:$W$76,2,FALSE))*C10,"") | H10: =IF(E10="w",G10*D10-G10,IF(E10="L",-G10,0))

Sheet Dashboard General
A1: TIPSTER | B1: PICKS | C1: WON | D1: LOST | E1: VOID | F1: % | G1: PROFIT | H1: YIELD | I1: AVG CUOTA
A2: Manolo | B2: 9 | C2: 0 | D2: 0 | E2: 0 | F2: 0 | G2: 0 | H2: 0 | I2: 2.78

Sheet Dashboard Fútbol
A1: TIPSTER | B1: PICKS | C1: WON | D1: LOST | E1: VOID | F1: % | G1: PROFIT | H1: YIELD | I1: AVG CUOTA
A2: Manolo | B2: 3 | C2: 0 | D2: 0 | E2: 0 | F2: 0 | G2: 0 | H2: 0 | I2: 2

Sheet Dashboard Basket
A1: TIPSTER | B1: PICKS | C1: WON | D1: LOST | E1: VOID | F1: % | G1: PROFIT | H1: YIELD | I1: AVG CUOTA

Sheet Dashboard Tenis
A1: TIPSTER | B1: PICKS | C1: WON | D1: LOST | E1: VOID | F1: % | G1: PROFIT | H1: YIELD | I1: AVG CUOTA
